{
  "num_samples": 3,
  "overall": {
    "global_absrel": 0.7206120093663534,
    "roi_absrel": 0.7046405871709188,
    "boundary_absrel": 0.7206120093663534,
    "global_rmse": 0.3320956925551097,
    "roi_rmse": 0.3241169949372609,
    "boundary_rmse": 0.3320956925551097,
    "global_delta1": 0.16080729166666666,
    "roi_delta1": 0.17770621677239737,
    "boundary_delta1": 0.16080729166666666,
    "baseline_roi_absrel": 0.7046405871709188,
    "roi_absrel_improvement": 0.0
  },
  "per_class": {
    "mirror": {
      "global_absrel": 0.7300816178321838,
      "roi_absrel": 0.7070048153400421,
      "boundary_absrel": 0.7300816178321838,
      "global_rmse": 0.33078791201114655,
      "roi_rmse": 0.32225213944911957,
      "boundary_rmse": 0.33078791201114655,
      "global_delta1": 0.1637369766831398,
      "roi_delta1": 0.1794133558869362,
      "boundary_delta1": 0.1637369766831398,
      "baseline_roi_absrel": 0.7070048153400421,
      "roi_absrel_improvement": 0.0
    },
    "glass": {
      "global_absrel": 0.7016727924346924,
      "roi_absrel": 0.6999121308326721,
      "boundary_absrel": 0.7016727924346924,
      "global_rmse": 0.3347112536430359,
      "roi_rmse": 0.3278467059135437,
      "boundary_rmse": 0.3347112536430359,
      "global_delta1": 0.1549479216337204,
      "roi_delta1": 0.1742919385433197,
      "boundary_delta1": 0.1549479216337204,
      "baseline_roi_absrel": 0.6999121308326721,
      "roi_absrel_improvement": 0.0
    }
  },
  "roi_absrel_improvement_mean": 0.0
}