baseline_roi_absrel,boundary_absrel,boundary_delta1,boundary_rmse,class_name,global_absrel,global_delta1,global_rmse,image,roi_absrel,roi_absrel_improvement,roi_delta1,roi_rmse
1.073737621307373,1.13058340549469,0.2141927033662796,0.39161446690559387,mirror,1.13058340549469,0.2141927033662796,0.39161446690559387,im0,1.0813851356506348,-0.007647514343261719,0.20261438190937042,0.38133203983306885
1.0634076595306396,1.0731712579727173,0.2135416716337204,0.4008789658546448,glass,1.0731712579727173,0.2135416716337204,0.4008789658546448,im1,1.135453224182129,-0.07204556465148926,0.21132898330688477,0.39922553300857544
1.1128454208374023,1.1705912351608276,0.2180989533662796,0.3994280993938446,mirror,1.1705912351608276,0.2180989533662796,0.3994280993938446,im2,1.179668664932251,-0.06682324409484863,0.23173277080059052,0.41060787439346313
